{"stats":{"minecraft:mined":{"minecraft:grass_block":1,"minecraft:oak_log":3,"minecraft:jungle_log":1,"minecraft:dirt":2,"minecraft:stone":19,"minecraft:crafting_table":1,"minecraft:oak_leaves":3},"minecraft:custom":{"minecraft:time_since_rest":7405,"minecraft:crouch_one_cm":61,"minecraft:play_time":7405,"minecraft:sprint_one_cm":4435,"minecraft:walk_one_cm":4557,"minecraft:sneak_time":5,"minecraft:walk_under_water_one_cm":140,"minecraft:jump":30,"minecraft:time_since_death":7405,"minecraft:leave_game":2,"minecraft:walk_on_water_one_cm":1282,"minecraft:total_world_time":7405,"minecraft:swim_one_cm":1199,"minecraft:interact_with_crafting_table":3,"minecraft:fall_one_cm":209,"minecraft:fly_one_cm":6872},"minecraft:used":{"minecraft:dirt":1,"minecraft:crafting_table":2,"minecraft:stone_pickaxe":16,"minecraft:wooden_pickaxe":3},"minecraft:crafted":{"minecraft:oak_planks":12,"minecraft:crafting_table":1,"minecraft:stick":12,"minecraft:stone_pickaxe":1,"minecraft:wooden_pickaxe":1,"minecraft:jungle_planks":4},"minecraft:picked_up":{"minecraft:crafting_table":1,"minecraft:jungle_log":1,"minecraft:oak_log":3,"minecraft:dirt":3,"minecraft:cobblestone":19}},"DataVersion":3465}